date,time,consumption,prediction
2015-06-08,00:00,26076,25894.076880455017
2015-06-08,00:10,25709,25522.465981960297
2015-06-08,00:20,25413,25130.709222316742
2015-06-08,00:30,25059,25029.914065361023
2015-06-08,00:40,24844,24763.833025932312
2015-06-08,00:50,24484,24520.06303548813
2015-06-08,01:00,24375,24162.924916267395
2015-06-08,01:10,23805,23933.801881551743
2015-06-08,01:20,23776,23529.52252626419
2015-06-08,01:30,23568,23465.77723646164
2015-06-08,01:40,23239,23257.49479317665
2015-06-08,01:50,23238,23057.10330057144
2015-06-08,02:00,22817,22968.975941181183
2015-06-08,02:10,22791,22748.46196460724
2015-06-08,02:20,22696,22659.948387861252
2015-06-08,02:30,22741,22516.179059505463
2015-06-08,02:40,22687,22545.146678209305
2015-06-08,02:50,22717,22539.027125120163
2015-06-08,03:00,21977,22575.370408773422
2015-06-08,03:10,21814,22067.5538520813
2015-06-08,03:20,22221,21780.741204977036
2015-06-08,03:30,22209,22118.60665011406
2015-06-08,03:40,22072,22128.583767175674
2015-06-08,03:50,22129,22093.79226732254
2015-06-08,04:00,22065,22037.009096860886
2015-06-08,04:10,22142,22086.64872789383
2015-06-08,04:20,21950,22211.31001019478
2015-06-08,04:30,21959,22125.305693864822
2015-06-08,04:40,22069,22085.685653924942
2015-06-08,04:50,21916,22116.743060827255
2015-06-08,05:00,21945,22072.39457464218
2015-06-08,05:10,22338,22077.62052679062
2015-06-08,05:20,22147,22321.20580458641
2015-06-08,05:30,22483,22338.092360019684
2015-06-08,05:40,22350,22553.331654548645
2015-06-08,05:50,22587,22625.844703912735
2015-06-08,06:00,22898,22907.319781064987
2015-06-08,06:10,23778,23364.31368970871
2015-06-08,06:20,24175,24217.751317977905
2015-06-08,06:30,24428,24714.129848480225
2015-06-08,06:40,24572,25012.259355545044
2015-06-08,06:50,24915,25210.97789812088
2015-06-08,07:00,24884,25435.35931634903
2015-06-08,07:10,26247,25483.1047372818
2015-06-08,07:20,26545,26637.897264957428
2015-06-08,07:30,27281,27005.592650413513
2015-06-08,07:40,27851,27645.530114650726
2015-06-08,07:50,28070,28221.50958967209
2015-06-08,08:00,28338,28458.083359718323
2015-06-08,08:10,29326,29081.089818954468
2015-06-08,08:20,29703,29697.81538963318
2015-06-08,08:30,29930,30188.52808189392
2015-06-08,08:40,30363,30261.418787956238
2015-06-08,08:50,30376,30637.08282852173
2015-06-08,09:00,30660,30398.503889083862
2015-06-08,09:10,31011,30918.540125846863
2015-06-08,09:20,31331,31320.532797813416
2015-06-08,09:30,31383,31289.537949562073
2015-06-08,09:40,31763,31555.205443382263
2015-06-08,09:50,31901,31802.23309326172
2015-06-08,10:00,32201,31958.93922138214
2015-06-08,10:10,32219,32275.064547538757
2015-06-08,10:20,32492,32346.69749546051
2015-06-08,10:30,33053,32543.50306034088
2015-06-08,10:40,32989,33185.28106594086
2015-06-08,10:50,33167,33113.07389545441
2015-06-08,11:00,33257,33197.20013523102
2015-06-08,11:10,33260,33285.07199192047
2015-06-08,11:20,33438,33361.66221904755
2015-06-08,11:30,33501,33489.70594882965
2015-06-08,11:40,33636,33638.68509578705
2015-06-08,11:50,33917,33616.28119659424
2015-06-08,12:00,33997,33951.976185798645
2015-06-08,12:10,34080,33998.818786621094
2015-06-08,12:20,34287,34068.372153282166
2015-06-08,12:30,34218,34276.874210357666
2015-06-08,12:40,34417,34234.874307632446
2015-06-08,12:50,34682,34339.08121585846
2015-06-08,13:00,34316,34510.7592754364
2015-06-08,13:10,34426,34499.48554801941
2015-06-08,13:20,34494,34322.52622127533
2015-06-08,13:30,34707,34366.13552761078
2015-06-08,13:40,34615,34621.72910308838
2015-06-08,13:50,34489,34763.564710617065
2015-06-08,14:00,34017,34595.12784767151
2015-06-08,14:10,33719,34012.08912277222
2015-06-08,14:20,33699,33713.69225978851
2015-06-08,14:30,33693,33560.11274719238
2015-06-08,14:40,33636,33583.88898563385
2015-06-08,14:50,33328,33485.966917037964
2015-06-08,15:00,33113,33164.472083091736
2015-06-08,15:10,33081,32985.27513217926
2015-06-08,15:20,33199,33051.44374656677
2015-06-08,15:30,33273,33111.34069156647
2015-06-08,15:40,33144,33124.5306892395
2015-06-08,15:50,33262,33056.45107269287
2015-06-08,16:00,32931,33188.031012535095
2015-06-08,16:10,32850,32921.718176841736
2015-06-08,16:20,33290,32889.37469577789
2015-06-08,16:30,33028,33154.85385513306
2015-06-08,16:40,33280,33057.97618675232
2015-06-08,16:50,33325,33239.043312072754
2015-06-08,17:00,32964,33243.70689487457
2015-06-08,17:10,33290,33117.186962127686
2015-06-08,17:20,33273,33303.94626617432
2015-06-08,17:30,33428,33312.751890182495
2015-06-08,17:40,33386,33498.97516536713
2015-06-08,17:50,33388,33576.64008426666
2015-06-08,18:00,33076,33380.968477249146
2015-06-08,18:10,32866,33204.72824573517
2015-06-08,18:20,32933,32971.14214515686
2015-06-08,18:30,32551,32900.47721004486
2015-06-08,18:40,32639,32591.463814735413
2015-06-08,18:50,32617,32541.7382478714
2015-06-08,19:00,32374,32496.4760761261
2015-06-08,19:10,32140,32191.86549282074
2015-06-08,19:20,32468,32128.029328346252
2015-06-08,19:30,32202,32376.011820793152
2015-06-08,19:40,32256,32202.6953830719
2015-06-08,19:50,32287,32189.16954421997
2015-06-08,20:00,31982,32242.45502758026
2015-06-08,20:10,31786,31966.236852645874
2015-06-08,20:20,31876,31691.90597343445
2015-06-08,20:30,31721,31786.402462005615
2015-06-08,20:40,31864,31646.695165634155
2015-06-08,20:50,31768,31880.187757492065
2015-06-08,21:00,31916,31720.842312812805
2015-06-08,21:10,31687,31912.16378879547
2015-06-08,21:20,31878,31607.558473587036
2015-06-08,21:30,31600,31854.437299728394
2015-06-08,21:40,32067,31602.95547389984
2015-06-08,21:50,32227,31943.643301963806
2015-06-08,22:00,32195,32144.598810195923
2015-06-08,22:10,31931,32274.45081424713
2015-06-08,22:20,31483,31999.84862804413
2015-06-08,22:30,31141,31389.853051185608
2015-06-08,22:40,31041,31023.362084388733
2015-06-08,22:50,30531,30847.489302635193
2015-06-08,23:00,30050,30352.749150276184
2015-06-08,23:10,29379,29785.41067123413
2015-06-08,23:20,29006,28984.36229133606
2015-06-08,23:30,28629,28584.787675857544
2015-06-08,23:40,28128,28111.862054347992
2015-06-08,23:50,27745,27682.266530036926
2015-06-09,00:00,27396,27326.537626743317
2015-06-09,00:10,27454,26955.23359489441
2015-06-09,00:20,27234,27025.000319480896
2015-06-09,00:30,26709,26846.622557640076
2015-06-09,00:40,26702,26414.595148086548
2015-06-09,00:50,26141,26260.11544942856
2015-06-09,01:00,26022,25934.165122509003
2015-06-09,01:10,25833,25696.588438510895
2015-06-09,01:20,25533,25497.130386829376
2015-06-09,01:30,25381,25340.065369606018
2015-06-09,01:40,25103,25155.978307724
2015-06-09,01:50,25091,24889.663496494293
2015-06-09,02:00,24733,24863.950573921204
2015-06-09,02:10,24572,24600.198033332825
2015-06-09,02:20,24254,24440.13546895981
2015-06-09,02:30,24177,24114.989185333252
2015-06-09,02:40,24057,24053.846006155014
2015-06-09,02:50,24028,23876.394112348557
2015-06-09,03:00,23915,23831.75028347969
2015-06-09,03:10,23627,23788.576912164688
2015-06-09,03:20,23602,23620.027114391327
2015-06-09,03:30,23555,23570.68513083458
2015-06-09,03:40,23762,23525.630390405655
2015-06-09,03:50,23837,23705.255044937134
2015-06-09,04:00,23681,23705.14507341385
2015-06-09,04:10,23570,23654.52590560913
2015-06-09,04:20,23665,23585.508238554
2015-06-09,04:30,23861,23641.4402821064
2015-06-09,04:40,24129,23891.25047492981
2015-06-09,04:50,23950,24282.190021038055
2015-06-09,05:00,23775,24180.987245082855
2015-06-09,05:10,23674,24035.03396129608
2015-06-09,05:20,24013,23805.234305381775
2015-06-09,05:30,23951,24172.414734363556
2015-06-09,05:40,24107,24238.31533432007
2015-06-09,05:50,24348,24465.54086637497
2015-06-09,06:00,24336,24526.598109722137
2015-06-09,06:10,25076,24645.907334804535
2015-06-09,06:20,25532,25307.650769233704
2015-06-09,06:30,25333,26044.679918289185
2015-06-09,06:40,25758,25997.770149230957
2015-06-09,06:50,26012,26230.265753746033
2015-06-09,07:00,25908,26604.902515411377
2015-06-09,07:10,26986,26543.303975105286
2015-06-09,07:20,27426,27405.827753543854
2015-06-09,07:30,27786,27856.837433338165
2015-06-09,07:40,28194,28421.897460460663
2015-06-09,07:50,28832,28826.47149991989
2015-06-09,08:00,28811,29473.079033374786
2015-06-09,08:10,29661,29649.834879875183
2015-06-09,08:20,30283,30175.46715259552
2015-06-09,08:30,30199,30609.721650123596
2015-06-09,08:40,30803,30782.513912200928
2015-06-09,08:50,30802,31111.69226551056
2015-06-09,09:00,30700,30911.480875968933
2015-06-09,09:10,31161,31060.396805763245
2015-06-09,09:20,31677,31200.417553901672
2015-06-09,09:30,31649,31671.90037536621
2015-06-09,09:40,31971,31781.94828605652
2015-06-09,09:50,31911,31991.5684967041
2015-06-09,10:00,32182,32021.931173324585
2015-06-09,10:10,32490,32356.11158466339
2015-06-09,10:20,32588,32553.41103363037
2015-06-09,10:30,32665,32680.59606361389
2015-06-09,10:40,32901,32667.462697982788
2015-06-09,10:50,33036,32889.94891834259
2015-06-09,11:00,32912,33195.23908615112
2015-06-09,11:10,33278,32974.6665019989
2015-06-09,11:20,33320,33224.67062664032
2015-06-09,11:30,33332,33313.359038352966
2015-06-09,11:40,33636,33346.40712738037
2015-06-09,11:50,33424,33549.602893829346
2015-06-09,12:00,33596,33499.91815471649
2015-06-09,12:10,33750,33599.26129245758
2015-06-09,12:20,33945,33742.361243247986
2015-06-09,12:30,34019,33938.53990459442
2015-06-09,12:40,34008,34008.09985637665
2015-06-09,12:50,34181,34055.022795677185
2015-06-09,13:00,34083,34137.868887901306
2015-06-09,13:10,34204,34082.257539749146
2015-06-09,13:20,34396,34179.12203788757
2015-06-09,13:30,34271,34221.84893798828
2015-06-09,13:40,34204,34278.49415016174
2015-06-09,13:50,33990,34274.38503456116
2015-06-09,14:00,33642,34117.914653778076
2015-06-09,14:10,33681,33553.03374195099
2015-06-09,14:20,33414,33559.52930545807
2015-06-09,14:30,33419,33335.8788356781
2015-06-09,14:40,33008,33307.22302246094
2015-06-09,14:50,32954,32896.2245388031
2015-06-09,15:00,32762,32717.44903564453
2015-06-09,15:10,32833,32599.092019081116
2015-06-09,15:20,32884,32718.316954612732
2015-06-09,15:30,32728,32820.14531707764
2015-06-09,15:40,32815,32668.617728233337
2015-06-09,15:50,32665,32692.366309165955
2015-06-09,16:00,32723,32588.4596824646
2015-06-09,16:10,32969,32664.720653533936
2015-06-09,16:20,32858,32927.03236961365
2015-06-09,16:30,33154,32894.53347969055
2015-06-09,16:40,33107,33196.70361709595
2015-06-09,16:50,32941,33253.61486816406
2015-06-09,17:00,32624,33048.78204059601
2015-06-09,17:10,32737,32670.20605945587
2015-06-09,17:20,32889,32706.03965473175
2015-06-09,17:30,32811,32870.54388332367
2015-06-09,17:40,32802,32810.67064476013
2015-06-09,17:50,32645,32746.44200706482
2015-06-09,18:00,32567,32605.15428161621
2015-06-09,18:10,32565,32621.643424987793
2015-06-09,18:20,32411,32595.359572410583
2015-06-09,18:30,32225,32368.05436038971
2015-06-09,18:40,32500,32140.05507659912
2015-06-09,18:50,32221,32372.20957183838
2015-06-09,19:00,31966,32239.10715198517
2015-06-09,19:10,31846,31953.00734424591
2015-06-09,19:20,31920,31765.280027389526
2015-06-09,19:30,31511,31834.4633102417
2015-06-09,19:40,31531,31432.830185890198
2015-06-09,19:50,31681,31497.477637290955
2015-06-09,20:00,31610,31514.832065582275
2015-06-09,20:10,31795,31538.61620616913
2015-06-09,20:20,31840,31716.552764892578
2015-06-09,20:30,31414,31838.008739471436
2015-06-09,20:40,31349,31409.09477519989
2015-06-09,20:50,31365,31306.526245117188
2015-06-09,21:00,31433,31232.321148872375
2015-06-09,21:10,31662,31405.13053226471
2015-06-09,21:20,31724,31524.687357902527
2015-06-09,21:30,31763,31675.0651845932
2015-06-09,21:40,31756,31779.586861610413
2015-06-09,21:50,32178,31778.352809906006
2015-06-09,22:00,32040,32090.143809318542
2015-06-09,22:10,31726,31985.315265655518
2015-06-09,22:20,31546,31758.44335460663
2015-06-09,22:30,30901,31435.107320785522
2015-06-09,22:40,30447,30725.90162563324
2015-06-09,22:50,30263,30200.99635028839
2015-06-09,23:00,29479,29853.726035118103
2015-06-09,23:10,29033,29159.891988277435
2015-06-09,23:20,28686,28647.93371963501
2015-06-09,23:30,28415,28132.27527141571
2015-06-09,23:40,28099,27921.56522321701
2015-06-09,23:50,27476,27700.05755186081
2015-06-10,00:00,27262,27189.804829597473
2015-06-10,00:10,27347,26926.171479701996
2015-06-10,00:20,27091,26845.187001228333
2015-06-10,00:30,26864,26717.267730236053
2015-06-10,00:40,26573,26459.729568481445
2015-06-10,00:50,26338,26263.960501670837
2015-06-10,01:00,26132,26072.540907382965
2015-06-10,01:10,25816,25903.291440486908
2015-06-10,01:20,25437,25554.521693229675
2015-06-10,01:30,25441,25275.275021076202
2015-06-10,01:40,24965,25224.785580158234
2015-06-10,01:50,25271,24773.096974372864
2015-06-10,02:00,24936,25010.69868183136
2015-06-10,02:10,24584,24735.67373085022
2015-06-10,02:20,24228,24454.639856815338
2015-06-10,02:30,24153,24107.939813137054
2015-06-10,02:40,24002,24012.560918331146
2015-06-10,02:50,24053,23872.31989789009
2015-06-10,03:00,24053,23904.568882465363
2015-06-10,03:10,23921,23809.344408750534
2015-06-10,03:20,24043,23808.350713968277
2015-06-10,03:30,23742,23926.84799361229
2015-06-10,03:40,23857,23729.706587553024
2015-06-10,03:50,23611,23768.26543521881
2015-06-10,04:00,23609,23625.535238981247
2015-06-10,04:10,23976,23600.29842066765
2015-06-10,04:20,23642,23876.451402902603
2015-06-10,04:30,23827,23739.566160202026
2015-06-10,04:40,23986,23879.148339271545
2015-06-10,04:50,23778,24079.452579021454
2015-06-10,05:00,23488,23927.07814359665
2015-06-10,05:10,23958,23762.723726511
2015-06-10,05:20,23634,24047.76003718376
2015-06-10,05:30,24169,23817.23898124695
2015-06-10,05:40,24318,24357.174795627594
2015-06-10,05:50,24259,24385.61329984665
2015-06-10,06:00,24352,24589.269366264343
2015-06-10,06:10,25029,24803.322680473328
2015-06-10,06:20,25506,25242.4014377594
2015-06-10,06:30,25498,25999.853023052216
2015-06-10,06:40,25795,26194.428865909576
2015-06-10,06:50,25827,26367.537213802338
2015-06-10,07:00,26203,26366.1359000206
2015-06-10,07:10,27443,26903.832114696503
2015-06-10,07:20,27940,27898.33554983139
2015-06-10,07:30,28109,28469.88060426712
2015-06-10,07:40,28716,28909.32812833786
2015-06-10,07:50,28939,29326.516625881195
2015-06-10,08:00,29314,29699.863362312317
2015-06-10,08:10,30037,29858.905891418457
2015-06-10,08:20,30614,30384.2023229599
2015-06-10,08:30,30803,31039.449535369873
2015-06-10,08:40,30957,31255.88666343689
2015-06-10,08:50,31030,31154.50608921051
2015-06-10,09:00,30725,31103.40686607361
2015-06-10,09:10,31403,30966.43898010254
2015-06-10,09:20,31686,31291.704454421997
2015-06-10,09:30,31841,31708.335850715637
2015-06-10,09:40,32010,32037.092756271362
2015-06-10,09:50,32204,32085.953038215637
2015-06-10,10:00,32379,32339.668537139893
2015-06-10,10:10,32493,32431.753554344177
2015-06-10,10:20,32841,32652.841094970703
2015-06-10,10:30,32975,32853.01560783386
2015-06-10,10:40,33145,33070.91199874878
2015-06-10,10:50,33221,33236.07869052887
2015-06-10,11:00,33142,33270.96666240692
2015-06-10,11:10,33242,33243.97820186615
2015-06-10,11:20,33354,33292.29323577881
2015-06-10,11:30,33569,33376.563031196594
2015-06-10,11:40,33770,33498.77761173248
2015-06-10,11:50,33958,33808.86701583862
2015-06-10,12:00,33599,33977.34602355957
2015-06-10,12:10,33738,33607.66785812378
2015-06-10,12:20,34206,33695.77151107788
2015-06-10,12:30,33997,34182.19860649109
2015-06-10,12:40,34056,33954.05181598663
2015-06-10,12:50,34435,33981.20885562897
2015-06-10,13:00,34140,34221.86342525482
2015-06-10,13:10,34216,34029.60291099548
2015-06-10,13:20,34572,34290.095816612244
2015-06-10,13:30,33976,34266.85955810547
2015-06-10,13:40,34060,34068.10084629059
2015-06-10,13:50,34047,34120.40909767151
2015-06-10,14:00,33846,33931.14744758606
2015-06-10,14:10,33400,33737.7542924881
2015-06-10,14:20,33437,33284.74010181427
2015-06-10,14:30,33023,33213.684010505676
2015-06-10,14:40,32878,32904.71275997162
2015-06-10,14:50,32929,32706.77060317993
2015-06-10,15:00,32633,32632.73013496399
2015-06-10,15:10,32700,32541.13505077362
2015-06-10,15:20,32531,32595.93511199951
2015-06-10,15:30,32311,32456.024993896484
2015-06-10,15:40,32434,32232.093997955322
2015-06-10,15:50,32366,32312.876313209534
2015-06-10,16:00,32275,32274.29935646057
2015-06-10,16:10,32541,32328.5054397583
2015-06-10,16:20,32778,32561.904522895813
2015-06-10,16:30,32634,32745.641256332397
2015-06-10,16:40,32698,32582.407956123352
2015-06-10,16:50,32256,32675.657222747803
2015-06-10,17:00,32479,32309.35985851288
2015-06-10,17:10,32783,32520.8792181015
2015-06-10,17:20,32718,32748.05272769928
2015-06-10,17:30,32603,32767.789652824402
2015-06-10,17:40,32835,32626.77060031891
2015-06-10,17:50,32818,32784.5303478241
2015-06-10,18:00,32436,32844.85137462616
2015-06-10,18:10,32444,32513.256281852722
2015-06-10,18:20,32082,32394.128806114197
2015-06-10,18:30,32247,31996.05033016205
2015-06-10,18:40,32471,32160.241106987
2015-06-10,18:50,32169,32393.37415122986
2015-06-10,19:00,31673,32200.717212677002
2015-06-10,19:10,31766,31608.56731414795
2015-06-10,19:20,31718,31568.654894828796
2015-06-10,19:30,31694,31624.087127685547
2015-06-10,19:40,31752,31530.012086868286
2015-06-10,19:50,31512,31653.11302471161
2015-06-10,20:00,31547,31430.958694458008
2015-06-10,20:10,31450,31488.764204978943
2015-06-10,20:20,31472,31381.55843257904
2015-06-10,20:30,31497,31395.136952400208
2015-06-10,20:40,31232,31421.075744628906
2015-06-10,20:50,31328,31197.34361934662
2015-06-10,21:00,31251,31319.455471992493
2015-06-10,21:10,31387,31220.23218345642
2015-06-10,21:20,31294,31355.212679862976
2015-06-10,21:30,31386,31337.87932395935
2015-06-10,21:40,31616,31323.351229667664
2015-06-10,21:50,31931,31556.131311416626
2015-06-10,22:00,31798,31859.312923431396
2015-06-10,22:10,31508,31806.41596221924
2015-06-10,22:20,30877,31506.163412094116
2015-06-10,22:30,30431,30744.74034023285
2015-06-10,22:40,30373,30246.06623649597
2015-06-10,22:50,29934,30071.426189422607
2015-06-10,23:00,29570,29600.912697792053
2015-06-10,23:10,29211,29202.803930282593
2015-06-10,23:20,28867,28753.58145236969
2015-06-10,23:30,28204,28565.753383159637
2015-06-10,23:40,27783,27904.800163269043
2015-06-10,23:50,27323,27403.78373193741
2015-06-11,00:00,27101,26937.63420009613
2015-06-11,00:10,27564,26706.70651292801
2015-06-11,00:20,27141,26979.364112854004
2015-06-11,00:30,27170,26897.36486721039
2015-06-11,00:40,26590,26789.060038089752
2015-06-11,00:50,26364,26357.292082309723
2015-06-11,01:00,25748,26101.84469652176
2015-06-11,01:10,25768,25600.302772521973
2015-06-11,01:20,25565,25502.59011077881
2015-06-11,01:30,25153,25316.88771867752
2015-06-11,01:40,24768,25015.594719409943
2015-06-11,01:50,24977,24599.44601249695
2015-06-11,02:00,24889,24641.570374011993
2015-06-11,02:10,24740,24546.527978897095
2015-06-11,02:20,24477,24447.984933376312
2015-06-11,02:30,24258,24263.188653945923
2015-06-11,02:40,24094,24180.837104320526
2015-06-11,02:50,24257,24047.71657538414
2015-06-11,03:00,24173,24173.515766620636
2015-06-11,03:10,23900,24141.11894607544
2015-06-11,03:20,23947,23964.92579817772
2015-06-11,03:30,24077,23860.041610240936
2015-06-11,03:40,23882,23919.799279928207
2015-06-11,03:50,23876,23893.705408096313
2015-06-11,04:00,23609,23817.261370658875
2015-06-11,04:10,23960,23638.99028778076
2015-06-11,04:20,23843,23855.333248615265
2015-06-11,04:30,23710,23846.4324696064
2015-06-11,04:40,23707,23709.260115623474
2015-06-11,04:50,23899,23786.0120074749
2015-06-11,05:00,23862,23950.031900405884
2015-06-11,05:10,23833,23899.351820230484
2015-06-11,05:20,24014,23849.793186187744
2015-06-11,05:30,24028,24101.10840845108
2015-06-11,05:40,23918,24223.565321445465
2015-06-11,05:50,24318,24165.571476459503
2015-06-11,06:00,24104,24325.13159608841
2015-06-11,06:10,24932,24388.41987848282
2015-06-11,06:20,25392,25240.029477119446
2015-06-11,06:30,25183,25767.311981201172
2015-06-11,06:40,25309,25685.364099502563
2015-06-11,06:50,25820,25896.521277427673
2015-06-11,07:00,26136,26114.5329079628
2015-06-11,07:10,26602,26751.656549930573
2015-06-11,07:20,27417,27219.61040496826
2015-06-11,07:30,27923,27787.3821849823
2015-06-11,07:40,28451,28518.63947534561
2015-06-11,07:50,28989,29312.033968925476
2015-06-11,08:00,28676,29966.269706726074
2015-06-11,08:10,29787,29488.02133178711
2015-06-11,08:20,30026,30023.308709144592
2015-06-11,08:30,30232,30407.310830116272
2015-06-11,08:40,30680,30661.58211326599
2015-06-11,08:50,30886,30845.345187187195
2015-06-11,09:00,30749,31127.634843826294
2015-06-11,09:10,31235,30921.808979988098
2015-06-11,09:20,31637,31378.508204460144
2015-06-11,09:30,31369,31670.81251335144
2015-06-11,09:40,31902,31569.36213684082
2015-06-11,09:50,32087,31934.720462799072
2015-06-11,10:00,32030,32087.148896217346
2015-06-11,10:10,32228,32221.896279335022
2015-06-11,10:20,32584,32268.93116569519
2015-06-11,10:30,32474,32577.525747299194
2015-06-11,10:40,32834,32624.975496292114
2015-06-11,10:50,33063,32861.61709308624
2015-06-11,11:00,32795,33168.37442588806
2015-06-11,11:10,32855,32865.03872203827
2015-06-11,11:20,32960,32828.5716381073
2015-06-11,11:30,32960,32887.96284580231
2015-06-11,11:40,33111,32925.56520462036
2015-06-11,11:50,33074,33100.72942733765
2015-06-11,12:00,33207,33065.41869068146
2015-06-11,12:10,33246,33188.140325546265
2015-06-11,12:20,33244,33136.509024620056
2015-06-11,12:30,33277,33183.820486068726
2015-06-11,12:40,33319,33201.86766910553
2015-06-11,12:50,33401,33265.55237579346
2015-06-11,13:00,33193,33289.70791721344
2015-06-11,13:10,33236,33232.25273513794
2015-06-11,13:20,33320,33149.5462474823
2015-06-11,13:30,33532,33180.16574382782
2015-06-11,13:40,33335,33469.99799823761
2015-06-11,13:50,33116,33353.732416152954
2015-06-11,14:00,32594,33040.18055534363
2015-06-11,14:10,32297,32620.862429618835
2015-06-11,14:20,32252,32256.44841003418
2015-06-11,14:30,31882,32017.530995368958
2015-06-11,14:40,31944,31693.377089500427
2015-06-11,14:50,31748,31757.762453079224
2015-06-11,15:00,31201,31616.324586868286
2015-06-11,15:10,31395,31137.00152015686
2015-06-11,15:20,31300,31175.333510398865
2015-06-11,15:30,31281,31191.019268989563
2015-06-11,15:40,31131,31220.927572250366
2015-06-11,15:50,31242,31059.35635662079
2015-06-11,16:00,30973,31085.397876739502
2015-06-11,16:10,31230,30999.444924354553
2015-06-11,16:20,31416,31136.033507347107
2015-06-11,16:30,31265,31449.78950691223
2015-06-11,16:40,31230,31268.113916397095
2015-06-11,16:50,31227,31267.519938468933
2015-06-11,17:00,31181,31244.321873664856
2015-06-11,17:10,31344,31220.014874458313
2015-06-11,17:20,31360,31327.427419662476
2015-06-11,17:30,31288,31300.491640090942
2015-06-11,17:40,31382,31292.635590553284
2015-06-11,17:50,31431,31344.32088947296
2015-06-11,18:00,31013,31485.1120967865
2015-06-11,18:10,31155,31111.85689353943
2015-06-11,18:20,30963,31083.2919549942
2015-06-11,18:30,31015,30897.723240852356
2015-06-11,18:40,31101,30909.285396575928
2015-06-11,18:50,31013,31073.04945755005
2015-06-11,19:00,30725,30943.234330177307
2015-06-11,19:10,30597,30670.24813270569
2015-06-11,19:20,30568,30537.855588912964
2015-06-11,19:30,30357,30544.569778442383
2015-06-11,19:40,30678,30342.55933380127
2015-06-11,19:50,30504,30641.2551612854
2015-06-11,20:00,30342,30555.115191459656
2015-06-11,20:10,30650,30388.29168319702
2015-06-11,20:20,30453,30658.300088882446
2015-06-11,20:30,30324,30570.03971004486
2015-06-11,20:40,30617,30366.43434906006
2015-06-11,20:50,30432,30619.32012271881
2015-06-11,21:00,30337,30409.735471725464
2015-06-11,21:10,30642,30363.012720108032
2015-06-11,21:20,30601,30632.10447692871
2015-06-11,21:30,30548,30737.388710975647
2015-06-11,21:40,30879,30620.672706604004
2015-06-11,21:50,31175,30765.56117630005
2015-06-11,22:00,30770,31040.742853164673
2015-06-11,22:10,30403,30765.638880729675
2015-06-11,22:20,30378,30366.74121570587
2015-06-11,22:30,30063,30324.896721839905
2015-06-11,22:40,29534,29903.294876098633
2015-06-11,22:50,29279,29283.120018959045
2015-06-11,23:00,28757,28878.233186244965
2015-06-11,23:10,28299,28530.48149871826
2015-06-11,23:20,27827,28055.146381378174
2015-06-11,23:30,27497,27520.370009422302
2015-06-11,23:40,27222,27192.586384773254
2015-06-11,23:50,27001,26873.219203472137
2015-06-12,00:00,26531,26600.43516921997
2015-06-12,00:10,26555,26213.372942447662
2015-06-12,00:20,26326,26135.307648181915
2015-06-12,00:30,25988,25994.907597064972
2015-06-12,00:40,25664,25783.841293811798
2015-06-12,00:50,25453,25431.049354553223
2015-06-12,01:00,25026,25208.422871112823
2015-06-12,01:10,24891,24809.43038034439
2015-06-12,01:20,24556,24613.605340003967
2015-06-12,01:30,24368,24268.6885471344
2015-06-12,01:40,23972,24089.56666660309
2015-06-12,01:50,24064,23800.79461669922
2015-06-12,02:00,23755,23726.641872167587
2015-06-12,02:10,23825,23502.164640426636
2015-06-12,02:20,23643,23580.30006623268
2015-06-12,02:30,23305,23510.29792356491
2015-06-12,02:40,23385,23306.063683509827
2015-06-12,02:50,23232,23317.6110227108
2015-06-12,03:00,23172,23161.49854326248
2015-06-12,03:10,23021,23144.89580655098
2015-06-12,03:20,23083,22965.35708785057
2015-06-12,03:30,22729,23020.596705913544
2015-06-12,03:40,22883,22737.529017210007
2015-06-12,03:50,22817,22830.755565166473
2015-06-12,04:00,22949,22833.211156845093
2015-06-12,04:10,22678,22931.164504766464
2015-06-12,04:20,22723,22701.662167072296
2015-06-12,04:30,22745,22704.77396607399
2015-06-12,04:40,22840,22718.3521566391
2015-06-12,04:50,22833,22863.685122013092
2015-06-12,05:00,22847,22907.94108724594
2015-06-12,05:10,23000,22973.81007862091
2015-06-12,05:20,22888,23065.73705291748
2015-06-12,05:30,22776,23049.122133731842
2015-06-12,05:40,23066,23046.36823606491
2015-06-12,05:50,23297,23135.195264577866
2015-06-12,06:00,23746,23419.152273893356
2015-06-12,06:10,24063,24033.162140607834
2015-06-12,06:20,24524,24368.532154083252
2015-06-12,06:30,24848,24895.305628299713
2015-06-12,06:40,24763,25210.752686977386
2015-06-12,06:50,24912,25203.426739692688
2015-06-12,07:00,25180,25375.9075255394
2015-06-12,07:10,26100,25594.013981819153
2015-06-12,07:20,26346,26440.680788517
2015-06-12,07:30,27183,26755.13481092453
2015-06-12,07:40,27677,27367.022951602936
2015-06-12,07:50,27967,27922.42919111252
2015-06-12,08:00,28037,28373.421749591827
2015-06-12,08:10,28934,28527.47012281418
2015-06-12,08:20,28960,29307.27556037903
2015-06-12,08:30,29566,29409.030169487
2015-06-12,08:40,29601,29887.324640274048
2015-06-12,08:50,29769,29739.19892501831
2015-06-12,09:00,29903,30063.826959609985
2015-06-12,09:10,30382,30161.767466545105
2015-06-12,09:20,30573,30510.678793907166
2015-06-12,09:30,30884,30746.493299484253
2015-06-12,09:40,30949,31101.960773468018
2015-06-12,09:50,30862,31013.8650226593
2015-06-12,10:00,31015,30958.05875492096
2015-06-12,10:10,31232,31132.686948776245
2015-06-12,10:20,31543,31273.97204017639
2015-06-12,10:30,31644,31590.185606956482
2015-06-12,10:40,31754,31657.122046470642
2015-06-12,10:50,31794,31798.86151123047
2015-06-12,11:00,31961,31834.915049552917
2015-06-12,11:10,31943,32027.095225334167
2015-06-12,11:20,31826,32004.91522026062
2015-06-12,11:30,32374,31987.16305065155
2015-06-12,11:40,32283,32255.793848991394
2015-06-12,11:50,32332,32430.167857170105
2015-06-12,12:00,32184,32404.528029441833
2015-06-12,12:10,32497,32330.47175693512
2015-06-12,12:20,32477,32456.312105178833
2015-06-12,12:30,32689,32596.297293663025
2015-06-12,12:40,32963,32649.23113155365
2015-06-12,12:50,32897,32880.27142429352
2015-06-12,13:00,32730,32894.454458236694
2015-06-12,13:10,32540,32721.900577545166
2015-06-12,13:20,32915,32517.963326454163
2015-06-12,13:30,32877,32747.512747764587
2015-06-12,13:40,32825,32791.418384552
2015-06-12,13:50,32588,32774.951630592346
2015-06-12,14:00,31955,32581.31746006012
2015-06-12,14:10,31966,31910.33049106598
2015-06-12,14:20,32027,31764.703170776367
2015-06-12,14:30,31376,31874.07017993927
2015-06-12,14:40,31359,31298.716291427612
2015-06-12,14:50,31010,31140.556168556213
2015-06-12,15:00,30789,30863.327836036682
2015-06-12,15:10,30867,30562.273218154907
2015-06-12,15:20,30882,30722.566920280457
2015-06-12,15:30,30731,30743.4746799469
2015-06-12,15:40,30581,30641.151116371155
2015-06-12,15:50,30502,30542.89979171753
2015-06-12,16:00,30571,30547.051052093506
2015-06-12,16:10,30638,30513.706632614136
2015-06-12,16:20,30548,30627.43957710266
2015-06-12,16:30,30503,30575.056255340576
2015-06-12,16:40,30561,30532.355695724487
2015-06-12,16:50,30557,30571.04196548462
2015-06-12,17:00,30336,30561.070775032043
2015-06-12,17:10,30702,30360.501154899597
2015-06-12,17:20,30532,30572.07714653015
2015-06-12,17:30,30618,30498.198672294617
2015-06-12,17:40,30559,30765.20294570923
2015-06-12,17:50,30607,30558.336632728577
2015-06-12,18:00,30374,30601.283475875854
2015-06-12,18:10,30261,30373.313166618347
2015-06-12,18:20,30171,30247.350335121155
2015-06-12,18:30,30206,30073.238414764404
2015-06-12,18:40,30204,30119.023445129395
2015-06-12,18:50,30141,30133.610805511475
2015-06-12,19:00,29833,30089.535272598267
2015-06-12,19:10,29926,29889.493779182434
2015-06-12,19:20,29766,29822.88264465332
2015-06-12,19:30,29628,29799.814965248108
2015-06-12,19:40,30052,29635.69925880432
2015-06-12,19:50,29806,29887.817207336426
2015-06-12,20:00,29548,29804.50883960724
2015-06-12,20:10,29414,29583.151309013367
2015-06-12,20:20,29683,29425.36785507202
2015-06-12,20:30,29399,29609.34428691864
2015-06-12,20:40,29515,29450.477580547333
2015-06-12,20:50,29566,29497.708703517914
2015-06-12,21:00,29282,29452.79949426651
2015-06-12,21:10,29240,29257.432119846344
2015-06-12,21:20,29354,29248.472404003143
2015-06-12,21:30,29075,29308.288352012634
2015-06-12,21:40,29775,29143.816390514374
2015-06-12,21:50,29964,29663.733436584473
2015-06-12,22:00,29847,30029.434188842773
2015-06-12,22:10,29821,30250.209594726562
2015-06-12,22:20,29443,30131.915795326233
2015-06-12,22:30,28977,29605.76724910736
2015-06-12,22:40,28903,29037.990859508514
2015-06-12,22:50,28490,28814.850736618042
2015-06-12,23:00,27928,28199.93409872055
2015-06-12,23:10,27766,27670.05244731903
2015-06-12,23:20,27415,27321.582981586456
2015-06-12,23:30,27019,26933.0977101326
2015-06-12,23:40,26834,26727.08285331726
2015-06-12,23:50,26349,26442.255290985107
2015-06-13,00:00,26041,26046.360441207886
2015-06-13,00:10,26101,25858.882700443268
2015-06-13,00:20,26087,25808.49071931839
2015-06-13,00:30,25804,25755.52263879776
2015-06-13,00:40,25640,25583.344110012054
2015-06-13,00:50,25227,25384.310140132904
2015-06-13,01:00,24957,25029.676342487335
2015-06-13,01:10,24857,24811.509961605072
2015-06-13,01:20,24261,24632.92279291153
2015-06-13,01:30,24171,24044.392076969147
2015-06-13,01:40,24101,24021.40506529808
2015-06-13,01:50,23683,23927.48707962036
2015-06-13,02:00,23424,23564.046011686325
2015-06-13,02:10,23305,23359.12132167816
2015-06-13,02:20,22983,23151.337042808533
2015-06-13,02:30,23052,22872.398225069046
2015-06-13,02:40,22644,22828.17814874649
2015-06-13,02:50,22720,22509.026630163193
2015-06-13,03:00,22699,22502.194237709045
2015-06-13,03:10,22514,22517.473365068436
2015-06-13,03:20,22648,22445.860831022263
2015-06-13,03:30,22570,22508.6440346241
2015-06-13,03:40,22081,22472.043601989746
2015-06-13,03:50,22485,22185.28396511078
2015-06-13,04:00,22054,22305.460121393204
2015-06-13,04:10,22277,22082.580110788345
2015-06-13,04:20,22174,22160.78533887863
2015-06-13,04:30,22192,22120.819909334183
2015-06-13,04:40,21932,22139.183836698532
2015-06-13,04:50,21989,22079.003402233124
2015-06-13,05:00,21574,22059.717887163162
2015-06-13,05:10,21802,21719.986218690872
2015-06-13,05:20,21838,21826.204222917557
2015-06-13,05:30,21824,21773.886093854904
2015-06-13,05:40,21877,21788.518562316895
2015-06-13,05:50,21895,21899.83838915825
2015-06-13,06:00,21805,21948.064853191376
2015-06-13,06:10,21994,21944.749903202057
2015-06-13,06:20,21909,22050.580373048782
2015-06-13,06:30,21857,21904.198397874832
2015-06-13,06:40,21737,21931.731447935104
2015-06-13,06:50,21575,21908.998292684555
2015-06-13,07:00,21560,21697.844078063965
2015-06-13,07:10,21796,21685.981311559677
2015-06-13,07:20,22017,21894.37504339218
2015-06-13,07:30,22092,22082.620609283447
2015-06-13,07:40,22384,22185.01002407074
2015-06-13,07:50,22594,22544.348561525345
2015-06-13,08:00,22823,22764.772651195526
2015-06-13,08:10,23537,23133.12951207161
2015-06-13,08:20,23649,23800.598709344864
2015-06-13,08:30,23882,23950.755934476852
2015-06-13,08:40,24365,24286.12594795227
2015-06-13,08:50,24606,24629.59072160721
2015-06-13,09:00,25192,25004.1827044487
2015-06-13,09:10,25678,25771.400682926178
2015-06-13,09:20,26027,26032.63770723343
2015-06-13,09:30,26117,26294.477270126343
2015-06-13,09:40,26583,26340.60340976715
2015-06-13,09:50,26907,26775.405789375305
2015-06-13,10:00,27219,27123.89830303192
2015-06-13,10:10,27562,27542.81671190262
2015-06-13,10:20,27658,27718.16663503647
2015-06-13,10:30,28041,27854.198116779327
2015-06-13,10:40,28181,28182.58098745346
2015-06-13,10:50,28144,28400.687443733215
2015-06-13,11:00,28133,28292.5367064476
2015-06-13,11:10,28362,28063.54899597168
2015-06-13,11:20,28595,28256.43970632553
2015-06-13,11:30,28477,28501.28241300583
2015-06-13,11:40,28478,28595.496399879456
2015-06-13,11:50,28311,28492.460326194763
2015-06-13,12:00,28458,28260.33743953705
2015-06-13,12:10,28490,28378.67601776123
2015-06-13,12:20,28584,28446.106341362
2015-06-13,12:30,28468,28488.665979385376
2015-06-13,12:40,28514,28452.685535907745
2015-06-13,12:50,28704,28407.56823682785
2015-06-13,13:00,28372,28657.481486797333
2015-06-13,13:10,28432,28494.30876970291
2015-06-13,13:20,28500,28316.929312229156
2015-06-13,13:30,28511,28308.942877292633
2015-06-13,13:40,28588,28354.22612142563
2015-06-13,13:50,28291,28524.53250026703
2015-06-13,14:00,28233,28278.636174201965
2015-06-13,14:10,27956,28172.781668663025
2015-06-13,14:20,27542,27860.128676891327
2015-06-13,14:30,27386,27341.553678512573
2015-06-13,14:40,27430,27250.17195224762
2015-06-13,14:50,27001,27167.3429813385
2015-06-13,15:00,26647,26854.925736904144
2015-06-13,15:10,26765,26531.323664188385
2015-06-13,15:20,26487,26510.36256504059
2015-06-13,15:30,26618,26354.69425201416
2015-06-13,15:40,25911,26450.745487689972
2015-06-13,15:50,26005,25925.86852836609
2015-06-13,16:00,25870,25858.292015075684
2015-06-13,16:10,25668,25717.901841640472
2015-06-13,16:20,25755,25585.199138641357
2015-06-13,16:30,25309,25611.751664161682
2015-06-13,16:40,25481,25285.54715156555
2015-06-13,16:50,25206,25324.198520183563
2015-06-13,17:00,25157,25243.726364135742
2015-06-13,17:10,25597,25146.114454746246
2015-06-13,17:20,25599,25446.05947971344
2015-06-13,17:30,25274,25549.04353094101
2015-06-13,17:40,25369,25353.86449098587
2015-06-13,17:50,25303,25324.96239423752
2015-06-13,18:00,25267,25301.42519569397
2015-06-13,18:10,25082,25326.073962688446
2015-06-13,18:20,25288,25245.961354255676
2015-06-13,18:30,25351,25254.07422351837
2015-06-13,18:40,25520,25306.229041576385
2015-06-13,18:50,25571,25550.18407392502
2015-06-13,19:00,25292,25555.005041122437
2015-06-13,19:10,25497,25470.890654563904
2015-06-13,19:20,25588,25593.878328323364
2015-06-13,19:30,25423,25684.758268356323
2015-06-13,19:40,25676,25526.65280199051
2015-06-13,19:50,25609,25765.58931350708
2015-06-13,20:00,25715,25581.77355861664
2015-06-13,20:10,25834,25740.498026371002
2015-06-13,20:20,25549,25868.118332862854
2015-06-13,20:30,25695,25622.247688770294
2015-06-13,20:40,25506,25628.346827983856
2015-06-13,20:50,25640,25537.41552400589
2015-06-13,21:00,26053,25526.42824935913
2015-06-13,21:10,26257,26012.076983451843
2015-06-13,21:20,26530,26343.470571517944
2015-06-13,21:30,26435,26588.265865325928
2015-06-13,21:40,26669,26684.6898188591
2015-06-13,21:50,27048,27049.03206062317
2015-06-13,22:00,27033,27495.78182554245
2015-06-13,22:10,27203,27372.3819231987
2015-06-13,22:20,27120,27284.690498828888
2015-06-13,22:30,26477,27119.61073064804
2015-06-13,22:40,26326,26461.9527053833
2015-06-13,22:50,26008,26171.400038719177
2015-06-13,23:00,26076,25800.07691001892
2015-06-13,23:10,25641,25793.011075019836
2015-06-13,23:20,25506,25501.02877855301
2015-06-13,23:30,25154,25407.999454975128
2015-06-13,23:40,24642,25066.786792755127
2015-06-13,23:50,24267,24539.28171157837
2015-06-14,00:00,24279,24118.454934597015
2015-06-14,00:10,24001,24010.57682132721
2015-06-14,00:20,23988,23866.601049423218
2015-06-14,00:30,23623,23801.62302494049
2015-06-14,00:40,23209,23457.372975587845
2015-06-14,00:50,22833,23150.19551205635
2015-06-14,01:00,22672,22708.54888677597
2015-06-14,01:10,22470,22436.86193370819
2015-06-14,01:20,22247,22261.60683631897
2015-06-14,01:30,21904,22052.138412714005
2015-06-14,01:40,22017,21806.55850172043
2015-06-14,01:50,21576,21807.247634649277
2015-06-14,02:00,21638,21378.88155245781
2015-06-14,02:10,21319,21455.20606994629
2015-06-14,02:20,21300,21161.516251564026
2015-06-14,02:30,21287,21224.287272691727
2015-06-14,02:40,20813,21196.92230784893
2015-06-14,02:50,20953,20805.61662900448
2015-06-14,03:00,21004,20741.067789793015
2015-06-14,03:10,20749,20926.164350748062
2015-06-14,03:20,20589,20798.590963244438
2015-06-14,03:30,20313,20586.943029165268
2015-06-14,03:40,20332,20335.36736536026
2015-06-14,03:50,20395,20214.26715195179
2015-06-14,04:00,20330,20309.209288597107
2015-06-14,04:10,20141,20308.045368433
2015-06-14,04:20,20260,20148.716551184654
2015-06-14,04:30,19991,20219.169774651527
2015-06-14,04:40,20245,20119.382799744606
2015-06-14,04:50,20162,20155.223309397697
2015-06-14,05:00,19675,20133.572748064995
2015-06-14,05:10,20080,19855.78566801548
2015-06-14,05:20,20066,20085.29524934292
2015-06-14,05:30,20127,20102.692480921745
2015-06-14,05:40,20076,20234.549489736557
2015-06-14,05:50,19935,20198.424832105637
2015-06-14,06:00,19961,20023.054824352264
2015-06-14,06:10,20263,19938.709958553314
2015-06-14,06:20,20069,20163.050055146217
2015-06-14,06:30,19633,20138.425323843956
2015-06-14,06:40,19447,19750.034301936626
2015-06-14,06:50,19313,19497.47235161066
2015-06-14,07:00,19323,19291.003779947758
2015-06-14,07:10,19423,19331.97730922699
2015-06-14,07:20,19242,19307.408222198486
2015-06-14,07:30,19357,19304.101174354553
2015-06-14,07:40,19313,19347.18457645178
2015-06-14,07:50,19917,19297.012291431427
2015-06-14,08:00,20018,19867.51911920309
2015-06-14,08:10,20226,20205.58532822132
2015-06-14,08:20,20284,20504.506860733032
2015-06-14,08:30,20341,20408.265479683876
2015-06-14,08:40,20530,20366.60438144207
2015-06-14,08:50,20966,20518.332322597504
2015-06-14,09:00,21194,21019.36159491539
2015-06-14,09:10,21460,21399.94109916687
2015-06-14,09:20,21870,21632.659610033035
2015-06-14,09:30,22057,22136.193533182144
2015-06-14,09:40,22287,22319.3079726696
2015-06-14,09:50,22739,22513.165049552917
2015-06-14,10:00,22643,22950.29922056198
2015-06-14,10:10,23332,22879.129865169525
2015-06-14,10:20,23332,23477.963990926743
2015-06-14,10:30,23323,23570.610389709473
2015-06-14,10:40,23952,23594.860756874084
2015-06-14,10:50,23829,24075.095204353333
2015-06-14,11:00,24133,24001.070211172104
2015-06-14,11:10,24380,24408.193680286407
2015-06-14,11:20,24351,24422.720457553864
2015-06-14,11:30,24763,24498.642294883728
2015-06-14,11:40,24597,24857.274578094482
2015-06-14,11:50,24744,24666.68075799942
2015-06-14,12:00,24723,24788.625348567963
2015-06-14,12:10,24612,24886.39134979248
2015-06-14,12:20,24764,24708.059683799744
2015-06-14,12:30,24904,24813.218142032623
2015-06-14,12:40,25185,24989.165994167328
2015-06-14,12:50,25048,25094.024829387665
2015-06-14,13:00,24847,25109.43730545044
2015-06-14,13:10,24964,24939.99160194397
2015-06-14,13:20,25129,24952.91292667389
2015-06-14,13:30,25164,25163.50180864334
2015-06-14,13:40,25276,25241.60924768448
2015-06-14,13:50,25585,25294.047884464264
2015-06-14,14:00,25349,25629.372131347656
2015-06-14,14:10,25347,25578.733208179474
2015-06-14,14:20,25479,25392.334768772125
2015-06-14,14:30,24757,25476.238431453705
2015-06-14,14:40,25046,24902.139008522034
2015-06-14,14:50,24765,25108.20786333084
2015-06-14,15:00,24335,24631.372655391693
2015-06-14,15:10,24206,24268.535113811493
2015-06-14,15:20,24137,24035.169285535812
2015-06-14,15:30,23671,23979.22308397293
2015-06-14,15:40,23578,23667.799205064774
2015-06-14,15:50,23645,23609.512322187424
2015-06-14,16:00,23224,23408.751075029373
2015-06-14,16:10,23735,23216.48265862465
2015-06-14,16:20,23369,23420.735666275024
2015-06-14,16:30,22990,23300.50979232788
2015-06-14,16:40,23044,23105.395615816116
2015-06-14,16:50,23119,22987.042550325394
2015-06-14,17:00,22979,23005.715978384018
2015-06-14,17:10,22927,22911.701191425323
2015-06-14,17:20,23164,22917.5244140625
2015-06-14,17:30,22986,23045.429856300354
2015-06-14,17:40,22873,22914.6230096817
2015-06-14,17:50,23042,22926.961221933365
2015-06-14,18:00,23072,22930.19517493248
2015-06-14,18:10,23133,23071.818741559982
2015-06-14,18:20,23366,23154.730355739594
2015-06-14,18:30,23099,23389.828070878983
2015-06-14,18:40,23287,23221.241725683212
2015-06-14,18:50,23281,23412.451583862305
2015-06-14,19:00,23307,23491.508268117905
2015-06-14,19:10,23426,23531.782210588455
2015-06-14,19:20,23374,23679.781162261963
2015-06-14,19:30,23633,23562.5261657238
2015-06-14,19:40,23578,23831.137867212296
2015-06-14,19:50,23526,23791.431562185287
2015-06-14,20:00,23761,23868.674045562744
2015-06-14,20:10,23868,24036.75695824623
2015-06-14,20:20,24170,24136.00559949875
2015-06-14,20:30,24339,24421.661570072174
2015-06-14,20:40,24592,24463.52384376526
2015-06-14,20:50,24556,24864.9501953125
2015-06-14,21:00,24831,24896.695088863373
2015-06-14,21:10,25113,25171.17018222809
2015-06-14,21:20,25467,25363.99372434616
2015-06-14,21:30,25538,25949.67308282852
2015-06-14,21:40,26100,26139.456933021545
2015-06-14,21:50,26499,26515.28494310379
2015-06-14,22:00,26995,26918.317405700684
2015-06-14,22:10,27256,27398.93049764633
2015-06-14,22:20,27177,27522.905281066895
2015-06-14,22:30,27075,27443.79229402542
2015-06-14,22:40,26840,27237.915066242218
2015-06-14,22:50,26057,26671.27197599411
2015-06-14,23:00,26060,26008.702108860016
2015-06-14,23:10,26024,25869.24175453186
2015-06-14,23:20,25541,25718.102687835693
2015-06-14,23:30,25087,25412.459557533264
2015-06-14,23:40,24593,24989.16862821579
2015-06-14,23:50,24582,24466.048579216003
